Sr. No.,Symbol,Company Name,"Market Capitalisation 
(In lakhs)"
1,RELIANCE,Reliance Industries Limited," 70,603,579 "
2,TCS,Tata Consultancy Services Limited," 68,522,297 "
3,HINDUNILVR,Hindustan Unilever Limited," 49,758,412 "
4,HDFCBANK,HDFC Bank Limited," 47,248,232 "
5,HDFC,Housing Development Finance Corporation Limited," 28,235,708 "
6,INFY,Infosys Limited," 27,320,750 "
7,KOTAKBANK,Kotak Mahindra Bank Limited," 24,786,522 "
8,BHARTIARTL,Bharti Airtel Limited," 24,053,552 "
9,ITC,ITC Limited," 21,105,761 "
10,ICICIBANK,ICICI Bank Limited," 20,954,333 "
11,SBIN,State Bank of India," 17,568,098 "
12,ASIANPAINT,Asian Paints Limited," 15,985,031 "
13,DMART,Avenue Supermarts Limited," 14,170,071 "
14,BAJFINANCE,Bajaj Finance Limited," 13,332,226 "
15,MARUTI,Maruti Suzuki India Limited," 12,954,099 "
16,HCLTECH,HCL Technologies Limited," 11,842,434 "
17,LT,Larsen & Toubro Limited," 11,349,263 "
18,WIPRO,Wipro Limited," 11,237,966 "
19,AXISBANK,Axis Bank Limited," 10,691,225 "
20,ULTRACEMCO,UltraTech Cement Limited," 9,365,399 "
21,HDFCLIFE,HDFC Life Insurance Company Limited," 8,907,273 "
22,COALINDIA,Coal India Limited," 8,630,901 "
23,ONGC,Oil & Natural Gas Corporation Limited," 8,592,331 "
24,SUNPHARMA,Sun Pharmaceutical Industries Limited," 8,452,857 "
25,NTPC,NTPC Limited," 8,331,217 "
26,POWERGRID,Power Grid Corporation of India Limited," 8,323,459 "
27,TITAN,Titan Company Limited," 8,289,259 "
28,DABUR,Dabur India Limited," 7,952,671 "
29,IOC,Indian Oil Corporation Limited," 7,686,661 "
30,BAJAJFINSV,Bajaj Finserv Limited," 7,306,311 "
31,PIDILITIND,Pidilite Industries Limited," 6,890,482 "
32,BPCL,Bharat Petroleum Corporation Limited," 6,874,362 "
33,HINDZINC,Hindustan Zinc Limited," 6,566,146 "
34,BRITANNIA,Britannia Industries Limited," 6,466,072 "
35,SBILIFE,SBI Life Insurance Company Limited," 6,410,000 "
36,SHREECEM,SHREE CEMENT LIMITED," 6,330,854 "
37,BAJAJ-AUTO,Bajaj Auto Limited," 5,852,014 "
38,SBICARD,SBI Cards and Payment Services Limited," 5,808,856 "
39,TECHM,Tech Mahindra Limited," 5,461,323 "
40,GODREJCP,Godrej Consumer Products Limited," 5,324,704 "
41,DIVISLAB,Divi's Laboratories Limited," 5,280,303 "
42,DRREDDY,Dr. Reddy's Laboratories Limited," 5,185,536 "
43,ICICIPRULI,ICICI Prudential Life Insurance Company Limited," 5,107,327 "
44,ADANIPORTS,Adani Ports and Special Economic Zone Limited," 5,105,792 "
45,ICICIGI,ICICI Lombard General Insurance Company Limited," 4,915,348 "
46,BERGEPAINT,Berger Paints (I) Limited," 4,835,740 "
47,HDFCAMC,HDFC Asset Management Company Limited," 4,492,424 "
48,GSKCONS,GlaxoSmithKline Consumer Healthcare Limited," 4,194,724 "
49,INDIGO,InterGlobe Aviation Limited," 4,102,506 "
50,SIEMENS,Siemens Limited," 3,965,043 "
51,EICHERMOT,Eicher Motors Limited," 3,575,779 "
52,MARICO,Marico Limited," 3,548,161 "
53,M&M,Mahindra & Mahindra Limited," 3,542,477 "
54,JSWSTEEL,JSW Steel Limited," 3,535,185 "
55,MCDOWELL-N,United Spirits Limited," 3,521,291 "
56,GAIL,GAIL (India) Limited," 3,452,514 "
57,CIPLA,Cipla Limited," 3,409,166 "
58,COLPAL,Colgate Palmolive (India) Limited," 3,407,164 "
59,DLF,DLF Limited," 3,402,321 "
60,TORNTPHARM,Torrent Pharmaceuticals Limited," 3,336,734 "
61,PGHH,Procter & Gamble Hygiene and Health Care Limited," 3,333,507 "
62,BANDHANBNK,Bandhan Bank Limited," 3,280,820 "
63,BIOCON,Biocon Limited," 3,246,600 "
64,HEROMOTOCO,Hero MotoCorp Limited," 3,188,739 "
65,GRASIM,Grasim Industries Limited," 3,131,781 "
66,AMBUJACEM,Ambuja Cements Limited," 3,091,650 "
67,TATASTEEL,Tata Steel Limited," 3,037,016 "
68,HAVELLS,Havells India Limited," 3,006,670 "
69,PETRONET,Petronet LNG Limited," 2,995,500 "
70,INFRATEL,Bharti Infratel Limited," 2,959,373 "
71,HINDPETRO,Hindustan Petroleum Corporation Limited," 2,896,787 "
72,YESBANK,Yes Bank Limited," 2,817,581 "
73,ALKEM,Alkem Laboratories Limited," 2,780,903 "
74,BOSCHLTD,Bosch Limited," 2,771,090 "
75,CADILAHC,Cadila Healthcare Limited," 2,735,952 "
76,IGL,Indraprastha Gas Limited," 2,715,653 "
77,LUPIN,Lupin Limited," 2,669,907 "
78,UPL,UPL Limited," 2,494,608 "
79,NAUKRI,Info Edge (India) Limited," 2,489,195 "
80,LTI,Larsen & Toubro Infotech Limited," 2,486,562 "
81,BANKBARODA,Bank of Baroda," 2,474,313 "
82,MRF,MRF Limited," 2,466,837 "
83,MUTHOOTFIN,Muthoot Finance Limited," 2,457,901 "
84,NMDC,NMDC Limited," 2,449,480 "
85,INDUSINDBK,IndusInd Bank Limited," 2,436,375 "
86,UBL,United Breweries Limited," 2,429,487 "
87,PFC,Power Finance Corporation Limited," 2,427,555 "
88,AUROPHARMA,Aurobindo Pharma Limited," 2,420,805 "
89,VEDL,Vedanta Limited," 2,405,026 "
90,ADANIGREEN,Adani Green Energy Limited," 2,396,852 "
91,WHIRLPOOL,Whirlpool of India Limited," 2,307,672 "
92,HONAUT,Honeywell Automation India Limited," 2,289,123 "
93,TATAMOTORS,Tata Motors Limited," 2,194,716 "
94,PNB,Punjab National Bank," 2,179,603 "
95,HINDALCO,Hindalco Industries Limited," 2,149,482 "
96,GLAXO,GlaxoSmithKline Pharmaceuticals Limited," 2,130,111 "
97,3MINDIA,3M India Limited," 2,120,982 "
98,PEL,Piramal Enterprises Limited," 2,119,007 "
99,KANSAINER,Kansai Nerolac Paints Limited," 2,088,044 "
100,ADANITRANS,Adani Transmission Limited," 2,079,191 "
101,CONCOR,Container Corporation of India Limited," 2,020,725 "
102,NHPC,NHPC Limited," 2,003,984 "
103,IDBI,IDBI Bank Limited," 2,003,455 "
104,BAJAJHLDNG,Bajaj Holdings & Investment Limited," 2,001,669 "
105,ABB,ABB India Limited," 1,982,191 "
106,JUBLFOOD,Jubilant Foodworks Limited," 1,941,858 "
107,MOTHERSUMI,Motherson Sumi Systems Limited," 1,927,919 "
108,PAGEIND,Page Industries Limited," 1,892,087 "
109,TATACONSUM,TATA CONSUMER PRODUCTS LIMITED," 1,860,886 "
110,NIACL,The New India Assurance Company Limited," 1,850,704 "
111,GICRE,General Insurance Corporation of India," 1,845,629 "
112,PFIZER,Pfizer Limited," 1,840,431 "
113,ACC,ACC Limited," 1,818,720 "
114,BEL,Bharat Electronics Limited," 1,814,043 "
115,GILLETTE,Gillette India Limited," 1,782,444 "
116,IPCALAB,IPCA Laboratories Limited," 1,759,137 "
117,RECLTD,REC Limited," 1,752,740 "
118,HAL,Hindustan Aeronautics Limited," 1,739,818 "
119,OFSS,Oracle Financial Services Software Limited," 1,737,325 "
120,TRENT,Trent Limited," 1,721,804 "
121,RAJESHEXPO,Rajesh Exports Limited," 1,616,991 "
122,PIIND,PI Industries Limited," 1,615,933 "
123,SRF,SRF Limited," 1,599,855 "
124,COROMANDEL,Coromandel International Limited," 1,598,536 "
125,GUJGASLTD,Gujarat Gas Limited," 1,589,149 "
126,APOLLOHOSP,Apollo Hospitals Enterprise Limited," 1,584,705 "
127,BATAINDIA,Bata India Limited," 1,582,303 "
128,VOLTAS,Voltas Limited," 1,577,989 "
129,IRCTC,Indian Railway Catering And Tourism Corporation Limited," 1,572,080 "
130,BALKRISIND,Balkrishna Industries Limited," 1,530,396 "
131,VBL,Varun Beverages Limited," 1,528,462 "
132,NAM-INDIA,Nippon Life India Asset Management Limited," 1,525,197 "
133,GODREJPROP,Godrej Properties Limited," 1,520,331 "
134,ADANIENT,Adani Enterprises Limited," 1,513,339 "
135,SRTRANSFIN,Shriram Transport Finance Company Limited," 1,498,901 "
136,RELAXO,Relaxo Footwears Limited," 1,486,872 "
137,AUBANK,AU Small Finance Bank Limited," 1,483,255 "
138,SANOFI,Sanofi India Limited," 1,440,185 "
139,TVSMOTOR,TVS Motor Company Limited," 1,413,622 "
140,ASTRAL,Astral Poly Technik Limited," 1,411,479 "
141,MINDTREE,MindTree Limited," 1,363,805 "
142,TORNTPOWER,Torrent Power Limited," 1,341,161 "
143,SUNDARMFIN,Sundaram Finance Limited," 1,336,857 "
144,AARTIIND,Aarti Industries Limited," 1,335,943 "
145,AIAENG,AIA Engineering Limited," 1,314,119 "
146,CROMPTON,Crompton Greaves Consumer Electricals Limited," 1,309,650 "
147,ASHOKLEY,Ashok Leyland Limited," 1,263,744 "
148,MPHASIS,MphasiS Limited," 1,238,798 "
149,LTTS,L&T Technology Services Limited," 1,211,695 "
150,RAMCOCEM,The Ramco Cements Limited," 1,208,156 "
151,OBEROIRLTY,Oberoi Realty Limited," 1,206,250 "
152,CHOLAFIN,Cholamandalam Investment and Finance Company Limited," 1,195,063 "
153,AJANTPHARM,Ajanta Pharma Limited," 1,192,251 "
154,ZEEL,Zee Entertainment Enterprises Limited," 1,190,519 "
155,LICHSGFIN,LIC Housing Finance Limited," 1,187,472 "
156,ATUL,Atul Limited," 1,183,043 "
157,ABFRL,Aditya Birla Fashion and Retail Limited," 1,182,921 "
158,LALPATHLAB,Dr. Lal Path Labs Ltd.," 1,168,199 "
159,WABCOINDIA,WABCO India Limited," 1,164,856 "
160,SCHAEFFLER,Schaeffler India Limited," 1,161,852 "
161,SUNTV,Sun TV Network Limited," 1,126,885 "
162,EXIDEIND,Exide Industries Limited," 1,118,600 "
163,POLYCAB,Polycab India Limited," 1,103,922 "
164,SUPREMEIND,Supreme Industries Limited," 1,102,212 "
165,BHARATFORG,Bharat Forge Limited," 1,093,900 "
166,ADANIPOWER,Adani Power Limited," 1,070,301 "
167,BANKINDIA,Bank of India," 1,056,808 "
168,MFSL,Max Financial Services Limited," 1,036,533 "
169,L&TFH,L&T Finance Holdings Limited," 1,026,261 "
170,IDFCFIRSTB,IDFC First Bank Limited," 1,014,890 "
171,AKZOINDIA,Akzo Nobel India Limited," 1,007,830 "
172,APLLTD,Alembic Pharmaceuticals Limited," 1,007,146 "
173,GMRINFRA,GMR Infrastructure Limited," 986,877 "
174,CASTROLIND,Castrol India Limited," 983,682 "
175,UNIONBANK,Union Bank of India," 982,349 "
176,ABCAPITAL,Aditya Birla Capital Limited," 974,985 "
177,GSPL,Gujarat State Petronet Limited," 972,727 "
178,SYNGENE,Syngene International Limited," 960,600 "
179,GODREJIND,Godrej Industries Limited," 952,704 "
180,FORTIS,Fortis Healthcare Limited," 952,380 "
181,SAIL,Steel Authority of India Limited," 952,086 "
182,ADANIGAS,Adani Gas Limited," 949,686 "
183,CUB,City Union Bank Limited," 949,568 "
184,DALBHARAT,Dalmia Bharat Limited," 946,655 "
185,CANBK,Canara Bank," 932,361 "
186,AAVAS,Aavas Financiers Limited," 930,895 "
187,SUMICHEM,Sumitomo Chemical India Limited," 921,922 "
188,NATCOPHARM,Natco Pharma Limited," 919,531 "
189,M&MFIN,Mahindra & Mahindra Financial Services Limited," 909,350 "
190,CRISIL,CRISIL Limited," 906,913 "
191,CUMMINSIND,Cummins India Limited," 905,612 "
192,OIL,Oil India Limited," 896,261 "
193,IDEA,Vodafone Idea Limited," 890,797 "
194,ISEC,ICICI Securities Limited," 890,560 "
195,INDHOTEL,The Indian Hotels Company Limited," 890,347 "
196,TATAPOWER,Tata Power Company Limited," 888,518 "
197,IOB,Indian Overseas Bank," 887,271 "
198,THERMAX,Thermax Limited," 882,293 "
199,IIFLWAM,Iifl Wealth Management Limited," 874,811 "
200,PHOENIXLTD,The Phoenix Mills Limited," 874,796 "
201,ENDURANCE,Endurance Technologies Limited," 845,524 "
202,JINDALSTEL,Jindal Steel & Power Limited," 838,453 "
203,HATSUN,Hatsun Agro Product Limited," 835,277 "
204,SOLARINDS,Solar Industries India Limited," 827,260 "
205,FEDERALBNK,The Federal Bank  Limited," 818,380 "
206,AMARAJABAT,Amara Raja Batteries Limited," 816,569 "
207,SJVN,SJVN Limited," 815,432 "
208,ESCORTS,Escorts Limited," 812,194 "
209,MGL,Mahanagar Gas Limited," 808,447 "
210,MANAPPURAM,Manappuram Finance Limited," 800,606 "
211,VINATIORGA,Vinati Organics Limited," 796,098 "
212,UCOBANK,UCO Bank," 780,408 "
213,EMAMILTD,Emami Limited," 771,463 "
214,ZYDUSWELL,Zydus Wellness Limited," 749,259 "
215,MOTILALOFS,Motilal Oswal Financial Services Limited," 734,177 "
216,SKFINDIA,SKF India Limited," 726,540 "
217,BHEL,Bharat Heavy Electricals Limited," 724,269 "
218,JKCEMENT,JK Cement Limited," 722,883 "
219,NIITTECH,NIIT Technologies Limited," 716,402 "
220,GODREJAGRO,Godrej Agrovet Limited," 706,234 "
221,JSWENERGY,JSW Energy Limited," 701,288 "
222,CENTRALBK,Central Bank of India," 699,446 "
223,RBLBANK,RBL Bank Limited," 688,970 "
224,HEXAWARE,Hexaware Technologies Limited," 676,402 "
225,TTKPRESTIG,TTK Prestige Limited," 674,295 "
226,PRESTIGE,Prestige Estates Projects Limited," 674,249 "
227,TATACOMM,Tata Communications Limited," 664,478 "
228,VGUARD,V-Guard Industries Limited," 663,544 "
229,METROPOLIS,Metropolis Healthcare Limited," 644,520 "
230,SIS,Security and Intelligence Services (India) Limited," 631,198 "
231,MINDAIND,Minda Industries Limited," 630,370 "
232,SFL,Sheela Foam Limited," 627,298 "
233,RITES,RITES Limited," 615,250 "
234,SUNDRMFAST,Sundram Fasteners Limited," 614,625 "
235,NLCINDIA,NLC India Limited," 608,733 "
236,PVR,PVR Limited," 607,672 "
237,NAVINFLUOR,Navin Fluorine International Limited," 604,097 "
238,PGHL,Procter & Gamble Health Limited," 603,056 "
239,ASTRAZEN,AstraZeneca Pharma India Limited," 600,963 "
240,KAJARIACER,Kajaria Ceramics Limited," 597,415 "
241,FINEORG,Fine Organic Industries Limited," 584,394 "
242,JCHAC,Johnson Controls - Hitachi Air Conditioning India Limited," 581,926 "
243,GLENMARK,Glenmark Pharmaceuticals Limited," 580,843 "
244,TIMKEN,Timken India Limited," 577,078 "
245,TATACHEM,Tata Chemicals Limited," 569,508 "
246,IBVENTURES,Indiabulls Ventures Limited," 569,504 "
247,ITI,ITI Limited," 562,868 "
248,INDIAMART,Indiamart Intermesh Limited," 560,003 "
249,SYMPHONY,Symphony Limited," 544,755 "
250,JMFINANCIL,JM Financial Limited," 544,591 "
251,CHOLAHLDNG,Cholamandalam Financial Holdings Limited," 544,370 "
252,NATIONALUM,National Aluminium Company Limited," 542,895 "
253,CESC,CESC Limited," 541,562 "
254,DEEPAKNTR,Deepak Nitrite Limited," 525,181 "
255,BLUEDART,Blue Dart Express Limited," 521,789 "
256,MAHABANK,Bank of Maharashtra," 518,346 "
257,TIINDIA,Tube Investments of India Limited," 514,408 "
258,BBTC,Bombay Burmah Trading Corporation Limited," 511,079 "
259,ERIS,Eris Lifesciences Limited," 507,310 "
260,NH,Narayana Hrudayalaya Ltd.," 505,793 "
261,GRINDWELL,Grindwell Norton Limited," 505,105 "
262,SHRIRAMCIT,Shriram City Union Finance Limited," 493,954 "
263,ESSELPACK,Essel Propack Limited," 489,371 "
264,GODFRYPHLP,Godfrey Phillips India Limited," 489,003 "
265,FINPIPE,Finolex Industries Limited," 487,385 "
266,BASF,BASF India Limited," 487,072 "
267,CREDITACC,CREDITACCESS GRAMEEN LIMITED," 485,182 "
268,ASTERDM,Aster DM Healthcare Limited," 480,724 "
269,KEC,KEC International Limited," 476,899 "
270,AEGISCHEM,Aegis Logistics Limited," 473,665 "
271,UJJIVANSFB,Ujjivan Small Finance Bank Limited," 471,805 "
272,APOLLOTYRE,Apollo Tyres Limited," 454,208 "
273,CHAMBLFERT,Chambal Fertilizers & Chemicals Limited," 451,377 "
274,BLUESTARCO,Blue Star Limited," 442,514 "
275,VSTIND,VST Industries Limited," 428,042 "
276,RATNAMANI,Ratnamani Metals & Tubes Limited," 424,010 "
277,PERSISTENT,Persistent Systems Limited," 421,064 "
278,CHALET,Chalet Hotels Limited," 420,606 "
279,CARBORUNIV,Carborundum Universal Limited," 420,202 "
280,GALAXYSURF,Galaxy Surfactants Limited," 417,817 "
281,ORIENTELEC,Orient Electric Limited," 416,732 "
282,DIXON,Dixon Technologies (India) Limited," 414,194 "
283,LINDEINDIA,Linde India Limited," 413,884 "
284,IBULHSGFIN,Indiabulls Housing Finance Limited," 413,678 "
285,JBCHEPHARM,JB Chemicals & Pharmaceuticals Limited," 408,405 "
286,MRPL,Mangalore Refinery and Petrochemicals Limited," 405,727 "
287,AVANTIFEED,Avanti Feeds Limited," 400,903 "
288,HUDCO,Housing & Urban Development Corporation Limited," 400,380 "
289,JUBILANT,Jubilant Life Sciences Limited," 396,929 "
290,FRETAIL,Future Retail Limited," 393,535 "
291,TATAELXSI,Tata Elxsi Limited," 391,781 "
292,AMBER,Amber Enterprises India Limited," 386,934 "
293,IEX,Indian Energy Exchange Limited," 383,283 "
294,ASAHIINDIA,Asahi India Glass Limited," 379,585 "
295,ENGINERSIN,Engineers India Limited," 379,463 "
296,SPANDANA,Spandana Sphoorty Financial Limited," 377,008 "
297,EIHOTEL,EIH Limited," 376,093 "
298,CANFINHOME,Can Fin Homes Limited," 371,567 "
299,KIOCL,KIOCL Limited," 368,180 "
300,GMMPFAUDLR,GMM Pfaudler Limited," 367,309 "
301,GRANULES,Granules India Limited," 365,227 "
302,VTL,Vardhman Textiles Limited," 359,403 "
303,EDELWEISS,Edelweiss Financial Services Limited," 358,672 "
304,IRCON,Ircon International Limited," 358,384 "
305,RADICO,Radico Khaitan Limited," 357,804 "
306,COCHINSHIP,Cochin Shipyard Limited," 350,358 "
307,LAURUSLABS,Laurus Labs Limited," 347,258 "
308,NESCO,Nesco Limited," 344,655 "
309,RALLIS,Rallis India Limited," 341,682 "
310,VIPIND,VIP Industries Limited," 339,374 "
311,BDL,Bharat Dynamics Limited," 339,345 "
312,JYOTHYLAB,Jyothy Labs Limited," 338,566 "
313,DCMSHRIRAM,DCM Shriram Limited," 335,588 "
314,TATAINVEST,Tata Investment Corporation Limited," 335,548 "
315,MIDHANI,Mishra Dhatu Nigam Limited," 335,058 "
316,FDC,FDC Limited," 333,312 "
317,CENTURYTEX,Century Textiles & Industries Limited," 330,731 "
318,INDIACEM,The India Cements Limited," 328,026 "
319,HEIDELBERG,HeidelbergCement India Limited," 321,451 "
320,CEATLTD,CEAT Limited," 320,749 "
321,BIRLACORPN,Birla Corporation Limited," 319,611 "
322,GEPIL,GE Power India Limited," 319,330 "
323,POWERINDIA,ABB Power Products and Systems India Limited," 317,735 "
324,KRBL,KRBL Limited," 317,306 "
325,QUESS,Quess Corp Limited," 314,419 "
326,FLUOROCHEM,Gujarat Fluorochemicals Limited," 314,171 "
327,FINCABLES,Finolex Cables Limited," 311,614 "
328,APLAPOLLO,APL Apollo Tubes Limited," 310,008 "
329,SUNTECK,Sunteck Realty Limited," 307,397 "
330,BAJAJELEC,Bajaj Electricals Limited," 305,384 "
331,GESHIP,The Great Eastern Shipping Company Limited," 302,457 "
332,SUNCLAYLTD,Sundaram Clayton Limited," 301,913 "
333,CERA,Cera Sanitaryware Limited," 300,624 "
334,CGCL,Capri Global Capital Limited," 299,130 "
335,DCBBANK,DCB Bank Limited," 294,084 "
336,NBCC,NBCC (India) Limited," 293,400 "
337,GPPL,Gujarat Pipavav Port Limited," 291,273 "
338,DBL,Dilip Buildcon Limited," 288,653 "
339,STAR,Strides Pharma Science Limited," 288,494 "
340,MASFIN,MAS Financial Services Limited," 286,593 "
341,KALPATPOWR,Kalpataru Power Transmission Limited," 282,588 "
342,STARCEMENT,Star Cement Limited," 281,070 "
343,OMAXE,Omaxe Limited," 279,289 "
344,TEAMLEASE,Teamlease Services Limited," 278,182 "
345,KNRCON,KNR Constructions Limited," 276,313 "
346,PNBHOUSING,PNB Housing Finance Limited," 272,685 "
347,INOXLEISUR,INOX Leisure Limited," 270,207 "
348,TV18BRDCST,TV18 Broadcast Limited," 267,440 "
349,REDINGTON,Redington (India) Limited," 266,910 "
350,RVNL,Rail Vikas Nigam Limited," 266,883 "
351,BRIGADE,Brigade Enterprises Limited," 265,925 "
352,INDIANB,Indian Bank," 262,393 "
353,THYROCARE,Thyrocare Technologies Limited," 262,359 "
354,TECHNOE,Techno Electric & Engineering Company Limited," 261,800 "
355,MAHINDCIE,Mahindra CIE Automotive Limited," 260,570 "
356,VMART,V-Mart Retail Limited," 258,053 "
357,GULFOILLUB,Gulf Oil Lubricants India Limited," 257,910 "
358,SUDARSCHEM,Sudarshan Chemical Industries Limited," 257,733 "
359,STRTECH,Sterlite Technologies Limited," 257,676 "
360,AFFLE,Affle (India) Limited," 256,353 "
361,SUVENPHAR,Suven Pharmaceuticals Limited," 255,901 "
362,SPARC,Sun Pharma Advanced Research Company Limited," 252,724 "
363,CYIENT,Cyient Limited," 252,164 "
364,GRAPHITE,Graphite India Limited," 248,615 "
365,VAIBHAVGBL,Vaibhav Global Limited," 247,807 "
366,CENTURYPLY,Century Plyboards (India) Limited," 246,501 "
367,SWANENERGY,Swan Energy Limited," 246,211 "
368,EIDPARRY,EID Parry India Limited," 246,112 "
369,LAXMIMACH,Lakshmi Machine Works Limited," 245,821 "
370,ALKYLAMINE,Alkyl Amines Chemicals Limited," 245,430 "
371,MOIL,MOIL Limited," 243,142 "
372,PNCINFRA,PNC Infratech Limited," 241,147 "
373,KEI,KEI Industries Limited," 240,185 "
374,LUXIND,Lux Industries Limited," 238,628 "
375,HATHWAY,Hathway Cable & Datacom Limited," 238,079 "
376,FLFL,Future Lifestyle Fashions Limited," 237,509 "
377,IIFL,IIFL Finance Limited," 237,178 "
378,IDFC,IDFC Limited," 237,059 "
379,CCL,CCL Products (India) Limited," 235,992 "
380,GARFIBRES,Garware Technical Fibres Limited," 235,068 "
381,MAHSCOOTER,Maharashtra Scooters Limited," 234,337 "
382,KPRMILL,K.P.R. Mill Limited," 232,681 "
383,JKLAKSHMI,JK Lakshmi Cement Limited," 230,633 "
384,TASTYBITE,Tasty Bite Eatables Limited," 230,261 "
385,INDOSTAR,IndoStar Capital Finance Limited," 229,100 "
386,BALRAMCHIN,Balrampur Chini Mills Limited," 228,910 "
387,INFIBEAM,Infibeam Avenues Limited," 225,988 "
388,CDSL,Central Depository Services (India) Limited," 224,048 "
389,BHARATRAS,Bharat Rasayan Limited," 219,218 "
390,WELSPUNIND,Welspun India Limited," 217,021 "
391,RESPONIND,Responsive Industries Limited," 216,600 "
392,TRIDENT,Trident Limited," 216,578 "
393,KSCL,Kaveri Seed Company Limited," 215,839 "
394,CAPLIPOINT,Caplin Point Laboratories Limited," 213,615 "
395,VAKRANGEE,Vakrangee Limited," 210,822 "
396,TCIEXP,TCI Express Limited," 209,651 "
397,ICRA,ICRA Limited," 206,990 "
398,POLYMED,Poly Medicure Limited," 205,636 "
399,CSBBANK,CSB Bank Limited," 204,765 "
400,TCNSBRANDS,TCNS Clothing Co. Limited," 201,986 "
401,SHILPAMED,Shilpa Medicare Limited," 199,456 "
402,ZENSARTECH,Zensar Technologies Limited," 198,245 "
403,HINDCOPPER,Hindustan Copper Limited," 197,071 "
404,BAJAJCON,Bajaj Consumer Care Limited," 195,409 "
405,INGERRAND,Ingersoll Rand (India) Limited," 194,964 "
406,INDOCO,Indoco Remedies Limited," 193,884 "
407,NETWORK18,Network18 Media & Investments Limited," 192,115 "
408,SEQUENT,Sequent Scientific Limited," 192,066 "
409,WOCKPHARMA,Wockhardt Limited," 191,184 "
410,JUSTDIAL,Just Dial Limited," 190,366 "
411,FSL,Firstsource Solutions Limited," 190,327 "
412,TRITURBINE,Triveni Turbine Limited," 189,134 "
413,BEML,BEML Limited," 188,087 "
414,RAIN,Rain Industries Limited," 187,849 "
415,IRB,IRB Infrastructure Developers Limited," 187,147 "
416,HEG,HEG Limited," 186,802 "
417,MHRIL,Mahindra Holidays & Resorts India Limited," 186,641 "
418,IBREALEST,Indiabulls Real Estate Limited," 185,730 "
419,MMTC,MMTC Limited," 184,500 "
420,GET&D,GE T&D India Limited," 184,097 "
421,UJJIVAN,Ujjivan Financial Services Limited," 180,467 "
422,TATASTLBSL,Tata Steel Bsl Limited," 179,871 "
423,FMGOETZE,Federal-Mogul Goetze (India) Limited.," 179,441 "
424,GNFC,Gujarat Narmada Valley Fertilizers and Chemicals Limited," 178,265 "
425,ELGIEQUIP,Elgi Equipments Limited," 177,548 "
426,DELTACORP,Delta Corp Limited," 177,058 "
427,SCI,Shipping Corporation Of India Limited," 174,675 "
428,LEMONTREE,Lemon Tree Hotels Limited," 174,294 "
429,SONATSOFTW,Sonata Software Limited," 172,672 "
430,VARROC,Varroc Engineering Limited," 172,087 "
431,BSOFT,BIRLASOFT LIMITED," 168,766 "
432,SHOPERSTOP,Shoppers Stop Limited," 168,589 "
433,ESABINDIA,Esab India Limited," 167,184 "
434,VESUVIUS,Vesuvius India Limited," 165,322 "
435,MAXINDIA,Max India Limited," 163,886 "
436,GUJALKALI,Gujarat Alkalies and Chemicals Limited," 163,783 "
437,LAOPALA,La Opala RG Limited," 163,781 "
438,MAHLOG,Mahindra Logistics Limited," 162,019 "
439,WELCORP,Welspun Corp Limited," 161,869 "
440,FAIRCHEM,Fairchem Speciality Limited," 161,524 "
441,KARURVYSYA,Karur Vysya Bank Limited," 161,428 "
442,GREAVESCOT,Greaves Cotton Limited," 160,804 "
443,JSWHL,JSW Holdings Limited," 160,384 "
444,ADVENZYMES,Advanced Enzyme Technologies Limited," 159,139 "
445,SUPRAJIT,Suprajit Engineering Limited," 157,496 "
446,SCHNEIDER,Schneider Electric Infrastructure Limited," 157,091 "
447,GRSE,Garden Reach Shipbuilders & Engineers Limited," 156,478 "
448,RCF,Rashtriya Chemicals and Fertilizers Limited," 156,404 "
449,DHANUKA,Dhanuka Agritech Limited," 154,725 "
450,PRSMJOHNSN,Prism Johnson Limited," 152,265 "
451,NILKAMAL,Nilkamal Limited," 148,882 "
452,KSB,Ksb Limited," 147,951 "
453,NAVNETEDUL,Navneet Education Limited," 147,736 "
454,PAPERPROD,Huhtamaki PPL Limited," 147,721 "
455,JINDALSAW,Jindal Saw Limited," 146,447 "
456,EQUITAS,Equitas Holdings Limited," 145,767 "
457,GSFC,Gujarat State Fertilizers & Chemicals Limited," 145,644 "
458,DEN,Den Networks Limited," 144,599 "
459,TCI,Transport Corporation of India Limited," 144,472 "
460,RAYMOND,Raymond Limited," 144,194 "
461,ALLCARGO,Allcargo Logistics Limited," 143,609 "
462,ORIENTREF,Orient Refractories Limited," 140,743 "
463,FCONSUMER,Future Consumer Limited," 140,237 "
464,VRLLOG,VRL Logistics Limited," 139,490 "
465,DBCORP,D.B.Corp Limited," 139,258 "
466,BALMLAWRIE,Balmer Lawrie & Company Limited," 135,863 "
467,ECLERX,eClerx Services Limited," 135,137 "
468,JAGRAN,Jagran Prakashan Limited," 135,016 "
469,BSE,BSE Limited," 133,632 "
470,JKPAPER,JK Paper Limited," 132,791 "
471,MINDACORP,Minda Corporation Limited," 131,107 "
472,KTKBANK,The Karnataka Bank Limited," 130,720 "
473,MAHSEAMLES,Maharashtra Seamless Limited," 129,711 "
474,ACCELYA,Accelya Solutions India Limited," 127,321 "
475,SOBHA,Sobha Limited," 126,951 "
476,KIRLOSENG,Kirloskar Oil Engines Limited," 125,669 "
477,SUPPETRO,Supreme Petrochem Limited," 125,549 "
478,SWSOLAR,Sterling And Wilson Solar Limited," 123,477 "
479,HSCL,Himadri Speciality Chemical Limited," 123,308 "
480,GAEL,Gujarat Ambuja Exports Limited," 120,114 "
481,GREENLAM,Greenlam Industries Limited," 119,982 "
482,VENKEYS,Venky's (India) Limited," 118,996 "
483,JSL,Jindal Stainless Limited," 117,424 "
484,AARTIDRUGS,Aarti Drugs Limited," 117,036 "
485,PSPPROJECT,PSP Projects Limited," 117,018 "
486,DIAMONDYD,Prataap Snacks Limited," 116,608 "
487,NIITLTD,NIIT Limited," 116,320 "
488,HFCL,HFCL Limited," 116,236 "
489,ASHOKA,Ashoka Buildcon Limited," 116,079 "
490,SOLARA,Solara Active Pharma Sciences Limited," 115,762 "
491,ARVINDFASN,Arvind Fashions Limited," 115,269 "
492,AHLUCONT,Ahluwalia Contracts (India) Limited," 114,951 "
493,PTC,PTC India Limited," 114,703 "
494,HGINFRA,H.G. Infra Engineering Limited," 113,104 "
495,PRINCEPIPE,Prince Pipes And Fittings Limited," 112,941 "
496,NCC,NCC Limited," 112,621 "
497,FACT,Fertilizers and Chemicals Travancore Limited," 112,354 "
498,TIDEWATER,Tide Water Oil Company (India) Limited," 111,771 "
499,ITDC,India Tourism Development Corporation Limited," 111,028 "
500,APARINDS,Apar Industries Limited," 110,290 "
501,SWARAJENG,Swaraj Engines Limited," 109,805 "
502,UNICHEMLAB,Unichem Laboratories Limited," 109,727 "
503,NOCIL,NOCIL Limited," 108,963 "
504,BANARISUG,Bannari Amman Sugars Limited," 108,807 "
505,PHILIPCARB,Phillips Carbon Black Limited," 108,056 "
506,IFBIND,IFB Industries Limited," 107,942 "
507,SHK,S H Kelkar and Company Limited," 107,545 "
508,HGS,Hinduja Global Solutions Limited," 105,274 "
509,TATACOFFEE,Tata Coffee Limited," 104,872 "
510,BLISSGVS,Bliss GVS Pharma Limited," 103,920 "
511,SUZLON,Suzlon Energy Limited," 103,736 "
512,SOUTHBANK,The South Indian Bank Limited," 103,154 "
513,GDL,Gateway Distriparks Limited," 102,965 "
514,MAITHANALL,Maithan Alloys Limited," 102,414 "
515,PRAJIND,Praj Industries Limited," 100,700 "
516,GMDCLTD,Gujarat Mineral Development Corporation Limited," 100,329 "
517,RSYSTEMS,R Systems International Limited," 100,302 "
518,IOLCP,IOL Chemicals and Pharmaceuticals Limited," 100,065 "
519,JKTYRE,JK Tyre & Industries Limited," 99,970 "
520,UFLEX,UFLEX Limited," 99,941 "
521,GREENPLY,Greenply Industries Limited," 99,390 "
522,TVTODAY,TV Today Network Limited," 99,246 "
523,IIFLSEC,IIFL Securities Limited," 99,122 "
524,RAMCOIND,Ramco Industries Limited," 98,969 "
525,MAHLIFE,Mahindra Lifespace Developers Limited," 98,815 "
526,HERITGFOOD,Heritage Foods Limited," 98,596 "
527,SHARDACROP,Sharda Cropchem Limited," 96,807 "
528,KPITTECH,KPIT Technologies Limited," 96,636 "
529,JTEKTINDIA,Jtekt India Limited," 96,448 "
530,AMRUTANJAN,Amrutanjan Health Care Limited," 96,446 "
531,CARERATING,CARE Ratings Limited," 96,441 "
532,POLYPLEX,Polyplex Corporation Limited," 95,970 "
533,JAMNAAUTO,Jamna Auto Industries Limited," 94,834 "
534,BOMDYEING,Bombay Dyeing & Mfg Company Limited," 94,593 "
535,MEGH,Meghmani Organics Limited," 94,223 "
536,JSLHISAR,Jindal Stainless (Hisar) Limited," 93,548 "
537,ATFL,Agro Tech Foods Limited," 93,164 "
538,TATAMETALI,Tata Metaliks Limited," 93,158 "
539,RUPA,Rupa & Company Limited," 91,970 "
540,KIRIINDUS,Kiri Industries Limited," 91,734 "
541,ORIENTCEM,Orient Cement Limited," 91,576 "
542,KOLTEPATIL,Kolte - Patil Developers Limited," 91,130 "
543,INEOSSTYRO,INEOS Styrolution India Limited," 90,962 "
544,TATASTLLP,Tata Steel Long Products Limited," 90,798 "
545,ALEMBICLTD,Alembic Limited," 90,772 "
546,TRIVENI,Triveni Engineering & Industries Limited," 90,252 "
547,GFLLIMITED,GFL Limited," 90,187 "
548,CHENNPETRO,Chennai Petroleum Corporation Limited," 90,166 "
549,JAICORPLTD,Jai Corp Limited," 90,117 "
550,THOMASCOOK,Thomas Cook  (India)  Limited," 90,030 "
551,NFL,National Fertilizers Limited," 90,021 "
552,SAFARI,Safari Industries (India) Limited," 89,767 "
553,SHRIPISTON,Shriram Pistons & Rings Limited," 89,265 "
554,RENUKA,Shree Renuka Sugars Limited," 89,132 "
555,VOLTAMP,Voltamp Transformers Limited," 89,036 "
556,PILANIINVS,Pilani Investment and Industries Corporation Limited," 88,950 "
557,JINDALPOLY,Jindal Poly Films Limited," 88,142 "
558,GHCL,GHCL Limited," 87,557 "
559,DFMFOODS,DFM Foods Limited," 87,514 "
560,WSTCSTPAPR,West Coast Paper Mills Limited," 86,491 "
561,DCAL,Dishman Carbogen Amcis Limited," 86,104 "
562,SOTL,Savita Oil Technologies Limited," 85,918 "
563,HIKAL,Hikal Limited," 85,879 "
564,BFINVEST,BF Investment Limited," 85,430 "
565,SUBROS,Subros Limited," 85,263 "
566,HONDAPOWER,Honda Siel Power Products Limited," 85,242 "
567,PURVA,Puravankara Limited," 83,832 "
568,BALAMINES,Balaji Amines Limited," 81,521 "
569,LUMAXIND,Lumax Industries Limited," 81,096 "
570,WHEELS,Wheels India Limited," 80,869 "
571,NEOGEN,Neogen Chemicals Limited," 79,606 "
572,SANDHAR,Sandhar Technologies Limited," 79,452 "
573,TINPLATE,The Tinplate Company of India Limited," 79,390 "
574,WONDERLA,Wonderla Holidays Limited," 78,900 "
575,HESTERBIO,Hester Biosciences Limited," 78,301 "
576,KKCL,Kewal Kiran Clothing Limited," 77,469 "
577,PSB,Punjab & Sind Bank," 77,116 "
578,PFOCUS,Prime Focus Limited," 76,608 "
579,GABRIEL,Gabriel India Limited," 76,562 "
580,ASTEC,Astec LifeSciences Limited," 75,973 "
581,GIPCL,Gujarat Industries Power Company Limited," 75,474 "
582,DISHTV,Dish TV India Limited," 74,571 "
583,NEWGEN,Newgen Software Technologies Limited," 73,726 "
584,PDSMFL,PDS Multinational Fashions Limited," 73,478 "
585,REPCOHOME,Repco Home Finance Limited," 73,416 "
586,MAJESCO,Majesco Limited," 72,623 "
587,INTELLECT,Intellect Design Arena Limited," 71,943 "
588,TANLA,Tanla Solutions Limited," 70,681 "
589,J&KBANK,The Jammu & Kashmir Bank Limited," 69,329 "
590,SIYSIL,Siyaram Silk Mills Limited," 69,086 "
591,PAISALO,Paisalo Digital Limited," 69,042 "
592,KIRLOSBROS,Kirloskar Brothers Limited," 68,927 "
593,IFCI,IFCI Limited," 68,688 "
594,SEAMECLTD,Seamec Limited," 68,660 "
595,TVSSRICHAK,TVS Srichakra Limited," 68,332 "
596,MAYURUNIQ,Mayur Uniquoters Ltd," 67,946 "
597,AGCNET,AGC Networks Limited," 67,430 "
598,DEEPAKFERT,Deepak Fertilizers and Petrochemicals Corporation Limited," 67,097 "
599,PANACEABIO,Panacea Biotec Limited," 66,916 "
600,SAGCEM,Sagar Cements Limited," 66,827 "
601,SESHAPAPER,Seshasayee Paper and Boards Limited," 66,095 "
602,INDIAGLYCO,India Glycols Limited," 65,902 "
603,JBMA,JBM Auto Limited," 65,887 "
604,HCG,Healthcare Global Enterprises Limited," 65,701 "
605,SATIA,Satia Industries Limited," 65,200 "
606,TAJGVK,Taj GVK Hotels & Resorts Limited," 64,833 "
607,INSECTICID,Insecticides (India) Limited," 64,556 "
608,DAAWAT,LT Foods Limited," 63,809 "
609,EIHAHOTELS,EIH Associated Hotels Limited," 63,541 "
610,MATRIMONY,Matrimony.Com Limited," 63,065 "
611,GOCLCORP,GOCL Corporation Limited," 62,957 "
612,SUNDARMHLD,Sundaram Finance Holdings Limited," 62,784 "
613,JINDWORLD,Jindal Worldwide Limited," 62,161 "
614,DOLLAR,Dollar Industries Limited," 62,161 "
615,RTNPOWER,RattanIndia Power Limited," 61,619 "
616,TNPL,Tamil Nadu Newsprint & Papers Limited," 61,563 "
617,NBVENTURES,Nava Bharat Ventures Limited," 60,266 "
618,DPSCLTD,DPSC Limited," 59,888 "
619,HCC,Hindustan Construction Company Limited," 59,765 "
620,SPENCERS,Spencer's Retail Limited," 59,054 "
621,WELENT,Welspun Enterprises Limited," 59,012 "
622,TAKE,Take Solutions Limited," 58,656 "
623,HIMATSEIDE,Himatsingka Seide Limited," 58,631 "
624,ANANTRAJ,Anant Raj Limited," 58,429 "
625,INDIANHUME,Indian Hume Pipe Company Limited," 58,064 "
626,AUTOAXLES,Automotive Axles Limited," 58,038 "
627,IGARASHI,Igarashi Motors India Limited," 58,024 "
628,JMCPROJECT,JMC Projects (India)  Limited," 57,927 "
629,VSTTILLERS,V.S.T Tillers Tractors Limited," 57,751 "
630,EXCELINDUS,Excel Industries Limited," 57,669 "
631,FOSECOIND,Foseco India Limited," 57,596 "
632,IMPAL,India Motor Parts and Accessories Limited," 57,445 "
633,KITEX,Kitex Garments Limited," 57,390 "
634,ENIL,Entertainment Network (India) Limited," 57,181 "
635,NRBBEARING,NRB Bearing Limited," 57,136 "
636,SASKEN,Sasken Technologies Limited," 57,111 "
637,JKIL,J.Kumar Infraprojects Limited," 56,938 "
638,MARKSANS,Marksans Pharma Limited," 56,895 "
639,GMBREW,GM Breweries Limited," 56,496 "
640,TIMETECHNO,Time Technoplast Limited," 56,424 "
641,ANDHRAPAP,ANDHRA PAPER LIMITED," 56,314 "
642,ORISSAMINE,The Orissa Minerals Development Company Limited," 56,196 "
643,OCCL,Oriental Carbon & Chemicals Limited," 55,820 "
644,MSTCLTD,Mstc Limited," 55,792 "
645,KSL,Kalyani Steels Limited," 55,614 "
646,SSWL,Steel Strips Wheels Limited," 55,273 "
647,KCP,KCP Limited," 55,178 "
648,DHAMPURSUG,Dhampur Sugar Mills Limited," 54,670 "
649,ALOKINDS,Alok Industries Limited," 54,404 "
650,BFUTILITIE,BF Utilities Limited," 54,317 "
651,PRABHAT,Prabhat Dairy Limited," 53,820 "
652,PARAGMILK,Parag Milk Foods Limited," 53,707 "
653,GALLISPAT,Gallantt Ispat Limited," 53,649 "
654,GATI,GATI Limited," 53,166 "
655,SNOWMAN,Snowman Logistics Limited," 52,716 "
656,APEX,Apex Frozen Foods Limited," 52,672 "
657,CLNINDIA,Clariant Chemicals (India) Limited," 52,465 "
658,CIGNITITEC,Cigniti Technologies Limited," 52,394 "
659,TEXRAIL,Texmaco Rail & Engineering Limited," 52,179 "
660,NUCLEUS,Nucleus Software Exports Limited," 52,172 "
661,QUICKHEAL,Quick Heal Technologies Limited," 51,909 "
662,BODALCHEM,Bodal Chemicals Limited," 51,868 "
663,SRIPIPES,Srikalahasthi Pipes Limited," 51,625 "
664,RADIOCITY,Music Broadcast Limited," 51,507 "
665,NXTDIGITAL,NXTDIGITAL LIMITED," 51,430 "
666,VINDHYATEL,Vindhya Telelinks Limited," 51,397 "
667,ITDCEM,ITD Cementation India Limited," 51,107 "
668,LGBBROSLTD,LG Balakrishnan & Bros Limited," 51,060 "
669,ASHIANA,Ashiana Housing Limited," 50,971 "
670,ARVIND,Arvind Limited," 50,848 "
671,PFS,PTC India Financial Services Limited," 50,740 "
672,SIRCA,Sirca Paints India Limited," 50,712 "
673,SHANKARA,Shankara Building Products Limited," 50,623 "
674,SHANTIGEAR,Shanthi Gears Limited," 50,326 "
675,SHALBY,Shalby Limited," 49,847 "
676,CAPACITE,Capacit'e Infraprojects Limited," 49,832 "
677,RKFORGE,Ramkrishna Forgings Limited," 49,828 "
678,RELIGARE,Religare Enterprises Limited," 49,173 "
679,SHIL,Somany Home Innovation Limited," 49,125 "
680,USHAMART,Usha Martin Limited," 48,759 "
681,ASIANTILES,Asian Granito India Limited," 48,697 "
682,ANDHRSUGAR,The Andhra Sugars Limited," 47,993 "
683,MOLDTKPAC,Mold-Tek Packaging Limited," 47,924 "
684,SADBHIN,Sadbhav Infrastructure Project Limited," 47,903 "
685,BEPL,Bhansali Engineering Polymers Limited," 47,864 "
686,STERTOOLS,Sterling Tools Limited," 47,696 "
687,MAXVIL,Max Ventures and Industries Limited," 47,646 "
688,POWERMECH,Power Mech Projects Limited," 47,626 "
689,SANGHIIND,Sanghi Industries Limited," 47,314 "
690,CAMLINFINE,Camlin Fine Sciences Limited," 47,289 "
691,HIL,HIL Limited," 47,128 "
692,ICIL,Indo Count Industries Limited," 46,981 "
693,HBLPOWER,HBL Power Systems Limited," 46,980 "
694,GTPL,GTPL Hathway Limited," 46,953 "
695,BANCOINDIA,Banco Products (I) Limited," 46,523 "
696,SADBHAV,Sadbhav Engineering Limited," 46,496 "
697,RANEHOLDIN,Rane Holdings Limited," 46,032 "
698,HINDOILEXP,Hindustan Oil Exploration Company Limited," 45,972 "
699,FSC,Future Supply Chain Solutions Limited," 45,880 "
700,MAGMA,Magma Fincorp Limited," 45,804 "
701,MASTEK,Mastek Limited," 45,754 "
702,OAL,Oriental Aromatics Limited," 45,533 "
703,PCJEWELLER,PC Jeweller Limited," 45,228 "
704,WABAG,VA Tech Wabag Limited," 45,038 "
705,ASTRAMICRO,Astra Microwave Products Limited," 44,951 "
706,TTKHLTCARE,TTK Healthcare Limited," 44,934 "
707,TIIL,Technocraft Industries (India) Limited," 44,533 "
708,MIRZAINT,Mirza International Limited," 44,333 "
709,KINGFA,Kingfa Science & Technology (India) Limited," 44,276 "
710,SUNFLAG,Sunflag Iron And Steel Company Limited," 43,613 "
711,KIRLOSIND,Kirloskar Industries Limited," 43,495 "
712,SMLISUZU,SML Isuzu Limited," 43,437 "
713,GEOJITFSL,Geojit Financial Services Limited," 43,371 "
714,AIONJSW,Monnet Ispat & Energy Limited," 43,198 "
715,PNBGILTS,PNB Gilts Limited," 43,112 "
716,MOREPENLAB,Morepen Laboratories Limited," 42,923 "
717,INDNIPPON,India Nippon Electricals Limited," 42,902 "
718,SARDAEN,Sarda Energy & Minerals Limited," 42,358 "
719,KICL,Kalyani Investment Company Limited," 41,710 "
720,MUTHOOTCAP,Muthoot Capital Services Limited," 41,292 "
721,EBIXFOREX,EBIXCASH WORLD MONEY INDIA LIMITED," 41,168 "
722,JPPOWER,Jaiprakash Power Ventures Limited," 41,043 "
723,MANINFRA,Man Infraconstruction Limited," 40,961 "
724,INOXWIND,Inox Wind Limited," 40,833 "
725,DREDGECORP,Dredging Corporation of India Limited," 40,726 "
726,KOKUYOCMLN,Kokuyo Camlin Limited," 40,523 "
727,COSMOFILMS,Cosmo Films Limited," 40,445 "
728,CONFIPET,Confidence Petroleum India Limited," 40,391 "
729,OLECTRA,Olectra Greentech Limited," 40,384 "
730,MMFL,MM Forgings Limited," 40,375 "
731,ELECTCAST,Electrosteel Castings Limited," 40,265 "
732,APCOTEXIND,Apcotex Industries Limited," 40,102 "
733,MANGLMCEM,Mangalam Cement Limited," 40,041 "
734,ZEELEARN,Zee Learn Limited," 39,620 "
735,REPRO,Repro India Limited," 39,543 "
736,TEXINFRA,Texmaco Infrastructure & Holdings Limited," 39,439 "
737,FEL,Future Enterprises Limited," 39,351 "
738,FILATEX,Filatex India Limited," 39,214 "
739,DALMIASUG,Dalmia Bharat Sugar and Industries Limited," 39,094 "
740,HMT,HMT Limited," 39,092 "
741,SOMANYCERA,Somany Ceramics Limited," 38,989 "
742,MPSLTD,MPS Limited," 38,956 "
743,ACE,Action Construction Equipment Limited," 38,868 "
744,RGL,Renaissance Global Limited," 38,505 "
745,PUNJABCHEM,Punjab Chemicals & Crop Protection Limited," 38,221 "
746,BALAJITELE,Balaji Telefilms Limited," 38,177 "
747,IBULISL,Indiabulls Integrated Services Limited," 38,142 "
748,MTNL,Mahanagar Telephone Nigam Limited," 38,115 "
749,CENTRUM,Centrum Capital Limited," 37,651 "
750,GUFICBIO,Gufic Biosciences Limited," 37,242 "
751,LAKSHVILAS,Lakshmi Vilas Bank Limited," 36,886 "
752,GPIL,Godawari Power And Ispat limited," 36,875 "
753,THEINVEST,The Investment Trust Of India Limited," 36,839 "
754,EVEREADY,Eveready Industries India Limited," 36,671 "
755,NACLIND,NACL Industries Limited," 36,665 "
756,NEULANDLAB,Neuland Laboratories Limited," 36,302 "
757,TIRUMALCHM,Thirumalai Chemicals Limited," 36,245 "
758,AVTNPL,AVT Natural Products Limited," 36,015 "
759,GENUSPOWER,Genus Power Infrastructures Limited," 35,902 "
760,GANECOS,Ganesha Ecosphere Limited," 35,888 "
761,WENDT,Wendt (India) Limited," 35,631 "
762,GVKPIL,GVK Power & Infrastructure Limited," 35,532 "
763,XCHANGING,Xchanging Solutions Limited," 35,482 "
764,PATELENG,Patel Engineering Limited," 35,478 "
765,TTML,Tata Teleservices (Maharashtra) Limited," 35,189 "
766,GREENPANEL,Greenpanel Industries Limited," 35,071 "
767,RPOWER,Reliance Power Limited," 35,064 "
768,ARMANFIN,Arman Financial Services Limited," 35,026 "
769,SANDESH,The Sandesh Limited," 34,702 "
770,NBIFIN,N. B. I. Industrial Finance Company Limited," 34,658 "
771,PRICOLLTD,Pricol Limited," 34,601 "
772,BORORENEW,BOROSIL RENEWABLES LIMITED," 34,419 "
773,SURYAROSNI,Surya Roshni Limited," 34,223 "
774,ADFFOODS,ADF Foods Limited," 34,039 "
775,SAREGAMA,Saregama India Limited," 34,031 "
776,LUMAXTECH,Lumax Auto Technologies Limited," 33,977 "
777,SHREDIGCEM,Shree Digvijay Cement Co.Ltd," 33,576 "
778,PRAKASH,Prakash Industries Limited," 33,396 "
779,APTECHT,Aptech Limited," 33,311 "
780,FIEMIND,Fiem Industries Limited," 33,308 "
781,SHARDAMOTR,Sharda Motor Industries Limited," 33,258 "
782,ANUP,The Anup Engineering Limited," 33,245 "
783,BHAGERIA,Bhageria Industries Limited," 33,017 "
784,CANTABIL,Cantabil Retail India Limited," 32,867 "
785,AHLWEST,Asian Hotels (West) Limited," 32,851 "
786,UNITECH,Unitech Limited," 32,704 "
787,IFGLEXPOR,IFGL Refractories Limited," 32,652 "
788,CENTUM,Centum Electronics Limited," 32,579 "
789,THANGAMAYL,Thangamayil Jewellery Limited," 32,522 "
790,SATIN,Satin Creditcare Network Limited," 32,446 "
791,VADILALIND,Vadilal Industries Limited," 32,281 "
792,BBL,Bharat Bijlee Limited," 32,188 "
793,SUTLEJTEX,Sutlej Textiles and Industries Limited," 32,110 "
794,APOLLOPIPE,Apollo Pipes Limited," 32,098 "
795,ZOTA,Zota Health Care LImited," 31,990 "
796,GICHSGFIN,GIC Housing Finance Limited," 31,988 "
797,CGPOWER,CG Power and Industrial Solutions Limited," 31,651 "
798,CESCVENT,CESC Ventures Limited," 31,270 "
799,SREEL,Sreeleathers Limited," 31,180 "
800,DWARKESH,Dwarikesh Sugar Industries Limited," 31,164 "
801,INDRAMEDCO,Indraprastha Medical Corporation Limited," 31,077 "
802,RIIL,Reliance Industrial Infrastructure Limited," 30,895 "
803,ORIENTHOT,Oriental Hotels Limited," 30,808 "
804,GTLINFRA,GTL Infrastructure Limited," 30,798 "
805,NELCO,NELCO Limited," 30,782 "
806,ORIENTPPR,Orient Paper & Industries Limited," 30,767 "
807,ATULAUTO,Atul Auto Limited," 30,578 "
808,CONTROLPR,Control Print Limited," 30,418 "
809,GNA,GNA Axles Limited," 30,288 "
810,AMBIKCO,Ambika Cotton Mills Limited," 30,225 "
811,NSIL,Nalwa Sons Investments Limited," 30,129 "
812,BAJAJHIND,Bajaj Hindusthan Sugar Limited," 30,039 "
813,IMFA,Indian Metals & Ferro Alloys Limited," 29,985 "
814,SUMMITSEC,Summit Securities Limited," 29,964 "
815,EMAMIPAP,Emami Paper Mills Limited," 29,947 "
816,BLS,BLS International Services Limited," 29,864 "
817,VHL,Vardhman Holdings Limited," 29,826 "
818,DYNAMATECH,Dynamatic Technologies Limited," 29,396 "
819,TEJASNET,Tejas Networks Limited," 29,391 "
820,INDORAMA,Indo Rama Synthetics (India) Limited," 29,375 "
821,IGPL,IG Petrochemicals Limited," 29,317 "
822,PLASTIBLEN,Plastiblends India Limited," 29,186 "
823,HSIL,HSIL Limited," 29,172 "
824,5PAISA,5Paisa Capital Limited," 28,828 "
825,MANGCHEFER,Mangalore Chemicals & Fertilizers Limited," 28,799 "
826,TWL,Titagarh Wagons Limited," 28,786 "
827,ASALCBR,Associated Alcohols & Breweries Ltd.," 28,547 "
828,RTNINFRA,RattanIndia Infrastructure Limited," 28,337 "
829,RPGLIFE,RPG Life Sciences Limited," 28,083 "
830,HMVL,Hindustan Media Ventures Limited," 27,926 "
831,BRNL,Bharat Road Network Limited," 27,745 "
832,MONTECARLO,Monte Carlo Fashions Limited," 27,636 "
833,RBL,Rane Brake Lining Limited," 27,556 "
834,GKWLIMITED,GKW Limited," 27,506 "
835,DECCANCE,Deccan Cements Limited," 27,476 "
836,TFCILTD,Tourism Finance Corporation of India Limited," 27,323 "
837,SUVEN,Suven Life Sciences Limited," 27,238 "
838,DHFL,Dewan Housing Finance Corporation Limited," 27,146 "
839,UNIENTER,Uniphos Enterprises Limited," 27,123 "
840,RICOAUTO,Rico Auto Industries Limited," 26,922 "
841,UNIVCABLES,Universal Cables Limited," 26,919 "
842,NAVKARCORP,Navkar Corporation Limited," 26,868 "
843,RELINFRA,Reliance Infrastructure Limited," 26,825 "
844,SHALPAINTS,Shalimar Paints Limited," 26,716 "
845,NELCAST,Nelcast Limited," 26,448 "
846,TDPOWERSYS,TD Power Systems Limited," 26,247 "
847,KESORAMIND,Kesoram Industries Limited," 26,165 "
848,CENTENKA,Century Enka Limited," 26,002 "
849,ZUARI,Zuari Agro Chemicals Limited," 25,971 "
850,LINCOLN,Lincoln Pharmaceuticals Limited," 25,850 "
851,MUNJALAU,Munjal Auto Industries Limited," 25,850 "
852,NATHBIOGEN,Nath Bio-Genes (India) Limited," 25,712 "
853,JPASSOCIAT,Jaiprakash Associates Limited," 25,541 "
854,NRAIL,N R Agarwal Industries Limited," 25,256 "
855,ADORWELD,Ador Welding Limited," 25,212 "
856,DICIND,DIC India Limited," 24,907 "
857,KUANTUM,Kuantum Papers Limited," 24,905 "
858,HINDNATGLS,Hindusthan National Glass & Industries Limited," 24,762 "
859,GANDHITUBE,Gandhi Special Tubes Limited," 24,436 "
860,NCLIND,NCL Industries Limited," 24,380 "
861,HARITASEAT,Harita Seating Systems Limited," 24,368 "
862,GLOBUSSPR,Globus Spirits Limited," 24,321 "
863,ALICON,Alicon Castalloy Limited," 24,258 "
864,DATAMATICS,Datamatics Global Services Limited," 24,199 "
865,VISHWARAJ,Vishwaraj Sugar Industries Limited," 24,055 "
866,SPIC,Southern Petrochemicals Industries Corporation  Limited," 24,030 "
867,ARVSMART,Arvind SmartSpaces Limited," 24,016 "
868,PGIL,Pearl Global Industries Limited," 23,863 "
869,APCL,Anjani Portland Cement Limited," 23,857 "
870,AVADHSUGAR,Avadh Sugar & Energy Limited," 23,652 "
871,PRECAM,Precision Camshafts Limited," 23,556 "
872,MANINDS,Man Industries (India) Limited," 23,412 "
873,HTMEDIA,HT Media Limited," 23,275 "
874,MUNJALSHOW,Munjal Showa Limited," 23,269 "
875,ZODIACLOTH,Zodiac Clothing Company Limited," 23,253 "
876,GRAVITA,Gravita India Limited," 23,093 "
877,AJMERA,Ajmera Realty & Infra India Limited," 22,959 "
878,MEP,MEP Infrastructure Developers Limited," 22,839 "
879,VIDHIING,Vidhi Specialty Food Ingredients Limited," 22,800 "
880,SMSPHARMA,SMS Pharmaceuticals Limited," 22,771 "
881,SHREEPUSHK,Shree Pushkar Chemicals & Fertilisers Limited," 22,598 "
882,GIRRESORTS,GIR Natureview Resorts Limited," 22,472 "
883,RAMCOSYS,Ramco Systems Limited," 22,444 "
884,SHRIRAMEPC,Shriram EPC Limited," 22,345 "
885,CAREERP,Career Point Limited," 22,322 "
886,TNPETRO,Tamilnadu PetroProducts Limited," 22,313 "
887,IFBAGRO,IFB Agro Industries Limited," 22,312 "
888,MARINE,Marine Electricals (India) Limited," 22,092 "
889,THEMISMED,Themis Medicare Limited," 22,025 "
890,NECLIFE,Nectar Lifesciences Limited," 21,978 "
891,UFO,UFO Moviez India Limited," 21,802 "
892,JAYBARMARU,Jay Bharat Maruti Limited," 21,715 "
893,SHAKTIPUMP,Shakti Pumps (India) Limited," 21,670 "
894,DLINKINDIA,D-Link (India) Limited," 21,658 "
895,VARDHACRLC,Vardhman Acrylics Limited," 21,497 "
896,PENIND,Pennar Industries Limited," 21,482 "
897,VISAKAIND,Visaka Industries Limited," 21,400 "
898,LINCPEN,Linc Pen & Plastics Limited," 21,277 "
899,CEREBRAINT,Cerebra Integrated Technologies Limited," 21,268 "
900,ELECON,Elecon Engineering Company Limited," 21,262 "
901,63MOONS,63 moons technologies limited," 21,219 "
902,RUBYMILLS,The Ruby Mills Limited," 21,017 "
903,3IINFOTECH,3i Infotech Limited," 21,016 "
904,MAHESHWARI,Maheshwari Logistics Limited," 20,807 "
905,EVERESTIND,Everest Industries Limited," 20,695 "
906,MAHEPC,Mahindra EPC Irrigation Limited," 20,656 "
907,DHANBANK,Dhanlaxmi Bank Limited," 20,367 "
908,ESTER,Ester Industries Limited," 20,056 "
909,GOLDIAM,Goldiam International Limited," 20,038 "
910,SANGHVIMOV,Sanghvi Movers Limited," 19,977 "
911,HLVLTD,HLV LIMITED," 19,862 "
912,PPAP,PPAP Automotive Limited," 19,838 "
913,MADRASFERT,Madras Fertilizers Limited," 19,815 "
914,CHEMBOND,Chembond Chemicals Ltd," 19,742 "
915,UTTAMSUGAR,Uttam Sugar Mills Limited," 19,641 "
916,BINDALAGRO,Oswal Chemicals & Fertilizers Limited," 19,261 "
917,HIRECT,Hind Rectifiers Limited," 19,139 "
918,SKIPPER,Skipper Limited," 19,097 "
919,SDBL,Som Distilleries & Breweries Limited," 19,051 "
920,MARATHON,Marathon Nextgen Realty Limited," 19,044 "
921,TI,Tilaknagar Industries Limited," 18,895 "
922,CUPID,Cupid Limited," 18,820 "
923,MUKANDLTD,Mukand Limited," 18,807 "
924,STCINDIA,The State Trading Corporation of India Limited," 18,570 "
925,SASTASUNDR,Sastasundar Ventures Limited," 18,450 "
926,PTL,PTL Enterprises Limited," 18,334 "
927,MCL,Madhav Copper Limited," 18,267 "
928,JAIBALAJI,Jai Balaji Industries Limited," 18,226 "
929,ALBERTDAVD,Albert David Limited," 18,180 "
930,SREINFRA,SREI Infrastructure Finance Limited," 18,111 "
931,EIFFL,Euro India Fresh Foods Limited," 18,104 "
932,ARTEMISMED,Artemis Medicare Services Limited," 18,093 "
933,RCOM,Reliance Communications Limited," 17,976 "
934,NAGAFERT,Nagarjuna Fertilizers and Chemicals Limited," 17,942 "
935,MANAKSIA,Manaksia Limited," 17,792 "
936,ASHAPURMIN,Ashapura Minechem Limited," 17,789 "
937,ALLSEC,Allsec Technologies Limited," 17,600 "
938,V2RETAIL,V2 Retail Limited," 17,565 "
939,ZENTEC,Zen Technologies Limited," 17,554 "
940,SUBEX,Subex Limited," 17,422 "
941,RSWM,RSWM Limited," 17,416 "
942,MANALIPETC,Manali Petrochemicals Limited," 17,372 "
943,MENONBE,Menon Bearings Limited," 17,316 "
944,JAYAGROGN,Jayant Agro Organics Limited," 17,295 "
945,LIBERTSHOE,Liberty Shoes Limited," 17,287 "
946,BUTTERFLY,Butterfly Gandhimathi Appliances Limited," 17,120 "
947,PANAMAPET,Panama Petrochem Limited," 17,089 "
948,DEEPIND,Deep Industries Limited," 17,056 "
949,RML,Rane (Madras) Limited," 17,050 "
950,RAMANEWS,Shree Rama Newsprint Limited," 16,965 "
951,ZEEMEDIA,Zee Media Corporation Limited," 16,948 "
952,ARSHIYA,Arshiya Limited," 16,731 "
953,VSSL,Vardhman Special Steels Limited," 16,703 "
954,ORBTEXP,Orbit Exports Limited," 16,676 "
955,RAJTV,Raj Television Network Limited," 16,664 "
956,NDTV,New Delhi Television Limited," 16,408 "
957,JISLJALEQS,Jain Irrigation Systems Limited," 16,380 "
958,FCL,Fineotex Chemical Limited," 16,361 "
959,HERCULES,Hercules Hoists Limited," 16,320 "
960,DVL,Dhunseri Ventures Limited," 16,234 "
961,HINDCOMPOS,Hindustan Composites Limited," 16,216 "
962,NIPPOBATRY,Indo-National Limited," 16,183 "
963,UCALFUEL,Ucal Fuel Systems Limited," 16,077 "
964,DCW,DCW Limited," 16,022 "
965,GAYAPROJ,Gayatri Projects Limited," 16,005 "
966,OSIAHYPER,Osia Hyper Retail Limited," 15,955 "
967,INFOBEAN,InfoBeans Technologies Limited," 15,922 "
968,KARDA,Karda Constructions Limited," 15,898 "
969,GALLANTT,Gallantt Metal Limited," 15,858 "
970,PRECWIRE,Precision Wires India Limited," 15,796 "
971,NITINSPIN,Nitin Spinners Limited," 15,770 "
972,THEJO,Thejo Engineering Limited," 15,557 "
973,GULFPETRO,GP Petroleums Limited," 15,550 "
974,JETAIRWAYS,Jet Airways (India) Limited," 15,506 "
975,POKARNA,Pokarna Limited," 15,502 "
976,SPAL,S. P. Apparels Limited," 15,480 "
977,MSPL,MSP Steel & Power Limited," 15,417 "
978,AKASH,Akash Infra-Projects Limited," 15,336 "
979,3RDROCK,3rd Rock Multimedia Limited," 15,316 "
980,ALANKIT,Alankit Limited," 15,297 "
981,KAYA,Kaya Limited," 15,233 "
982,GUJAPOLLO,Gujarat Apollo Industries Limited," 15,194 "
983,VIPULLTD,Vipul Limited," 15,118 "
984,BGRENERGY,BGR Energy Systems Limited," 15,118 "
985,ORICONENT,Oricon Enterprises Limited," 14,998 "
986,CREST,Crest Ventures Limited," 14,908 "
987,ONMOBILE,OnMobile Global Limited," 14,903 "
988,MMP,MMP Industries Limited," 14,873 "
989,AHLEAST,Asian Hotels (East) Limited," 14,871 "
990,KCPSUGIND,KCP Sugar and Industries Corporation Limited," 14,853 "
991,HITECHGEAR,The Hi-Tech Gears Limited," 14,789 "
992,BCG,Brightcom Group Limited," 14,764 "
993,EXPLEOSOL,Expleo Solutions Limited," 14,717 "
994,RAMKY,Ramky Infrastructure Limited," 14,670 "
995,TCPLPACK,TCPL Packaging Limited," 14,460 "
996,MBAPL,Madhya Bharat Agro Products Limited," 14,404 "
997,SANGAMIND,Sangam (India) Limited," 14,389 "
998,CHEMFAB,Chemfab Alkalis Limited," 14,057 "
999,GOKEX,Gokaldas Exports Limited," 13,938 "
1000,ADVANIHOTR,Advani Hotels & Resorts (India) Limited," 13,912 "
